subject,electrode,roi,effect,cluster_idx,sign,extent_windows,cluster_onset,cluster_offset,cluster_p_value,peak_F,peak_time,cluster_p_fdr,sig_after_fdr
D0057,RAI12,lpfc,C(congruency),-1,0,0,,,1.0,3.2847716919968417,1.25,1.0,False
D0057,RAI12,lpfc,C(incongruentProportion),-1,0,0,,,1.0,2.2461661622420728,1.25,1.0,False
D0057,RAI12,lpfc,C(congruency):C(incongruentProportion),0,-1,7,-0.375,0.0,0.024,8.345968671826718,-0.3125,0.756,False
D0057,RAI13,lpfc,C(congruency),-1,0,0,,,1.0,3.2417918980505336,-0.0625,1.0,False
D0057,RAI13,lpfc,C(incongruentProportion),-1,0,0,,,1.0,2.8435605704239473,-0.6875,1.0,False
D0057,RAI13,lpfc,C(congruency):C(incongruentProportion),-1,0,0,,,1.0,4.716441060185226,1.125,1.0,False
D0057,RAI14,lpfc,C(congruency),-1,0,0,,,1.0,3.194650140095982,0.875,1.0,False
D0057,RAI14,lpfc,C(incongruentProportion),-1,0,0,,,1.0,3.3058246621695764,0.6875,1.0,False
D0057,RAI14,lpfc,C(congruency):C(incongruentProportion),-1,0,0,,,1.0,2.199436167584347,1.375,1.0,False
D0057,RAI15,lpfc,C(congruency),-1,0,0,,,1.0,3.9195329685171623,0.625,1.0,False
D0057,RAI15,lpfc,C(incongruentProportion),-1,0,0,,,1.0,4.346913809783093,0.625,1.0,False
D0057,RAI15,lpfc,C(congruency):C(incongruentProportion),-1,0,0,,,1.0,1.9177715603129484,0.625,1.0,False
D0057,RAI16,lpfc,C(congruency),-1,0,0,,,1.0,1.5205303681261846,1.25,1.0,False
D0057,RAI16,lpfc,C(incongruentProportion),-1,0,0,,,1.0,5.022797262671626,-0.375,1.0,False
D0057,RAI16,lpfc,C(congruency):C(incongruentProportion),-1,0,0,,,1.0,2.213759719333434,-0.25,1.0,False
D0057,RAI6,lpfc,C(congruency),-1,0,0,,,1.0,2.5165821701459383,0.0625,1.0,False
D0057,RAI6,lpfc,C(incongruentProportion),-1,0,0,,,1.0,4.57219173929292,0.125,1.0,False
D0057,RAI6,lpfc,C(congruency):C(incongruentProportion),-1,0,0,,,1.0,4.23700703672826,0.3125,1.0,False
D0057,RAIF11,lpfc,C(congruency),-1,0,0,,,1.0,8.413735488206202,1.0625,1.0,False
D0057,RAIF11,lpfc,C(incongruentProportion),-1,0,0,,,1.0,4.125285715169773,0.375,1.0,False
D0057,RAIF11,lpfc,C(congruency):C(incongruentProportion),-1,0,0,,,1.0,2.9063578116980264,0.9375,1.0,False
D0057,RAIF12,lpfc,C(congruency),-1,0,0,,,1.0,14.647533562649887,1.0625,1.0,False
D0057,RAIF12,lpfc,C(incongruentProportion),-1,0,0,,,1.0,5.243790450164423,0.8125,1.0,False
D0057,RAIF12,lpfc,C(congruency):C(incongruentProportion),-1,0,0,,,1.0,8.910874177671843,1.125,1.0,False
D0057,RAIF13,lpfc,C(congruency),-1,0,0,,,1.0,6.026756785042347,1.0625,1.0,False
D0057,RAIF13,lpfc,C(incongruentProportion),-1,0,0,,,1.0,5.744302844865802,0.75,1.0,False
D0057,RAIF13,lpfc,C(congruency):C(incongruentProportion),-1,0,0,,,1.0,4.536644205972636,1.25,1.0,False
D0057,RAIF14,lpfc,C(congruency),-1,0,0,,,1.0,6.22425128407903,1.0625,1.0,False
D0057,RAIF14,lpfc,C(incongruentProportion),-1,0,0,,,1.0,5.5434052168958505,0.75,1.0,False
D0057,RAIF14,lpfc,C(congruency):C(incongruentProportion),-1,0,0,,,1.0,4.705569354248452,1.25,1.0,False
D0057,RAMF10,lpfc,C(congruency),-1,0,0,,,1.0,6.57865338724667,-0.375,1.0,False
D0057,RAMF10,lpfc,C(incongruentProportion),-1,0,0,,,1.0,3.3045115049816167,-0.8125,1.0,False
D0057,RAMF10,lpfc,C(congruency):C(incongruentProportion),-1,0,0,,,1.0,2.336767147182407,0.625,1.0,False
D0057,RAMF11,lpfc,C(congruency),-1,0,0,,,1.0,4.85221866843026,-0.625,1.0,False
D0057,RAMF11,lpfc,C(incongruentProportion),-1,0,0,,,1.0,1.0828696708925816,-0.5,1.0,False
D0057,RAMF11,lpfc,C(congruency):C(incongruentProportion),-1,0,0,,,1.0,7.613713797440369,0.8125,1.0,False
D0057,RAMF13,lpfc,C(congruency),-1,0,0,,,1.0,7.790766428294145,0.625,1.0,False
D0057,RAMF13,lpfc,C(incongruentProportion),-1,0,0,,,1.0,3.7291963419063148,0.625,1.0,False
D0057,RAMF13,lpfc,C(congruency):C(incongruentProportion),-1,0,0,,,1.0,5.805823937954999,0.875,1.0,False
D0057,RAMF14,lpfc,C(congruency),-1,0,0,,,1.0,2.0141159615089594,0.6875,1.0,False
D0057,RAMF14,lpfc,C(incongruentProportion),-1,0,0,,,1.0,3.496537142679021,-0.1875,1.0,False
D0057,RAMF14,lpfc,C(congruency):C(incongruentProportion),-1,0,0,,,1.0,6.008326556796068,-0.125,1.0,False
D0057,RPI14,lpfc,C(congruency),-1,0,0,,,1.0,8.488308202756345,-0.875,1.0,False
D0057,RPI14,lpfc,C(incongruentProportion),0,1,8,-0.5,-0.0625,0.004,10.231619967448687,-0.375,0.0945,False
D0057,RPI14,lpfc,C(incongruentProportion),1,1,8,0.0625,0.5,0.004,10.231619967448687,-0.375,0.0945,False
D0057,RPI14,lpfc,C(congruency):C(incongruentProportion),-1,0,0,,,1.0,3.382735245209678,-0.1875,1.0,False
D0057,RPIT1,occ,C(congruency),-1,0,0,,,1.0,2.319822205662818,0.0625,1.0,False
D0057,RPIT1,occ,C(incongruentProportion),-1,0,0,,,1.0,2.78979881268863,-0.25,1.0,False
D0057,RPIT1,occ,C(congruency):C(incongruentProportion),-1,0,0,,,1.0,9.43686792605434,-0.875,1.0,False
D0063,LASF10,lpfc,C(congruency),-1,0,0,,,1.0,1.9175044388247084,0.5,1.0,False
D0063,LASF10,lpfc,C(incongruentProportion),-1,0,0,,,1.0,2.7384127463301278,1.375,1.0,False
D0063,LASF10,lpfc,C(congruency):C(incongruentProportion),-1,0,0,,,1.0,1.3761220394760123,0.0625,1.0,False
D0063,LASF11,lpfc,C(congruency),-1,0,0,,,1.0,5.804519810880336,-0.8125,1.0,False
D0063,LASF11,lpfc,C(incongruentProportion),-1,0,0,,,1.0,2.612029683281268,0.5625,1.0,False
D0063,LASF11,lpfc,C(congruency):C(incongruentProportion),-1,0,0,,,1.0,1.7035889659988903,0.5,1.0,False
D0063,LASF14,lpfc,C(congruency),-1,0,0,,,1.0,6.3135632901596095,-0.875,1.0,False
D0063,LASF14,lpfc,C(incongruentProportion),-1,0,0,,,1.0,2.86675001559563,0.875,1.0,False
D0063,LASF14,lpfc,C(congruency):C(incongruentProportion),-1,0,0,,,1.0,2.1237719627657876,-0.875,1.0,False
D0063,LASF15,lpfc,C(congruency),-1,0,0,,,1.0,4.812106441846812,-0.875,1.0,False
D0063,LASF15,lpfc,C(incongruentProportion),-1,0,0,,,1.0,4.120089357942129,1.3125,1.0,False
D0063,LASF15,lpfc,C(congruency):C(incongruentProportion),-1,0,0,,,1.0,3.4705198363982857,0.8125,1.0,False
D0063,LASF16,lpfc,C(congruency),-1,0,0,,,1.0,3.122420429865789,-0.875,1.0,False
D0063,LASF16,lpfc,C(incongruentProportion),-1,0,0,,,1.0,2.757295487865277,0.5,1.0,False
D0063,LASF16,lpfc,C(congruency):C(incongruentProportion),-1,0,0,,,1.0,3.0210090957298865,0.0,1.0,False
D0063,LMSF12,lpfc,C(congruency),-1,0,0,,,1.0,3.7951902142139455,-0.875,1.0,False
D0063,LMSF12,lpfc,C(incongruentProportion),-1,0,0,,,1.0,1.2805805590478836,1.375,1.0,False
D0063,LMSF12,lpfc,C(congruency):C(incongruentProportion),-1,0,0,,,1.0,3.1139903420922694,1.125,1.0,False
D0063,LMSF5,lpfc,C(congruency),-1,0,0,,,1.0,6.9322432408673516,1.375,1.0,False
D0063,LMSF5,lpfc,C(incongruentProportion),-1,0,0,,,1.0,4.513791790123975,1.3125,1.0,False
D0063,LMSF5,lpfc,C(congruency):C(incongruentProportion),-1,0,0,,,1.0,1.4303039072237147,-0.5625,1.0,False
D0063,LMSF6,lpfc,C(congruency),-1,0,0,,,1.0,3.908976014016922,-0.875,1.0,False
D0063,LMSF6,lpfc,C(incongruentProportion),-1,0,0,,,1.0,3.487048530146145,0.875,1.0,False
D0063,LMSF6,lpfc,C(congruency):C(incongruentProportion),-1,0,0,,,1.0,1.4444710199889756,-0.3125,1.0,False
D0063,LPSF10,lpfc,C(congruency),-1,0,0,,,1.0,5.648993420484877,0.5,1.0,False
D0063,LPSF10,lpfc,C(incongruentProportion),-1,0,0,,,1.0,2.42726038139234,-0.5625,1.0,False
D0063,LPSF10,lpfc,C(congruency):C(incongruentProportion),-1,0,0,,,1.0,5.038078172202702,0.5625,1.0,False
D0063,LPSF12,lpfc,C(congruency),-1,0,0,,,1.0,8.11075131759332,0.5,1.0,False
D0063,LPSF12,lpfc,C(incongruentProportion),-1,0,0,,,1.0,7.147182386374122,0.5,1.0,False
D0063,LPSF12,lpfc,C(congruency):C(incongruentProportion),-1,0,0,,,1.0,8.180179954979764,-0.625,1.0,False
D0063,RAI10,lpfc,C(congruency),-1,0,0,,,1.0,2.004433011380657,-0.75,1.0,False
D0063,RAI10,lpfc,C(incongruentProportion),-1,0,0,,,1.0,5.155608255409888,1.375,1.0,False
D0063,RAI10,lpfc,C(congruency):C(incongruentProportion),-1,0,0,,,1.0,1.9348764458611993,1.3125,1.0,False
D0063,RAI16,lpfc,C(congruency),-1,0,0,,,1.0,5.622318545831558,1.0625,1.0,False
D0063,RAI16,lpfc,C(incongruentProportion),-1,0,0,,,1.0,4.592860732464591,1.25,1.0,False
D0063,RAI16,lpfc,C(congruency):C(incongruentProportion),-1,0,0,,,1.0,5.011120745756845,0.0625,1.0,False
D0063,RAI4,lpfc,C(congruency),-1,0,0,,,1.0,5.416148118191396,1.3125,1.0,False
D0063,RAI4,lpfc,C(incongruentProportion),-1,0,0,,,1.0,1.317059086626102,1.25,1.0,False
D0063,RAI4,lpfc,C(congruency):C(incongruentProportion),-1,0,0,,,1.0,4.739634672394242,-0.75,1.0,False
D0063,RAI5,lpfc,C(congruency),-1,0,0,,,1.0,3.187111138572742,1.3125,1.0,False
D0063,RAI5,lpfc,C(incongruentProportion),-1,0,0,,,1.0,5.925486507969527,-0.5625,1.0,False
D0063,RAI5,lpfc,C(congruency):C(incongruentProportion),-1,0,0,,,1.0,2.7670874334898254,0.875,1.0,False
D0063,RAI6,lpfc,C(congruency),-1,0,0,,,1.0,7.914248630199358,-0.5,1.0,False
D0063,RAI6,lpfc,C(incongruentProportion),-1,0,0,,,1.0,10.906014591189383,-0.5,1.0,False
D0063,RAI6,lpfc,C(congruency):C(incongruentProportion),-1,0,0,,,1.0,1.1144468085842294,0.875,1.0,False
D0063,RAMF10,lpfc,C(congruency),-1,0,0,,,1.0,6.544862069171559,-0.75,1.0,False
D0063,RAMF10,lpfc,C(incongruentProportion),-1,0,0,,,1.0,6.059082260408889,-0.6875,1.0,False
D0063,RAMF10,lpfc,C(congruency):C(incongruentProportion),-1,0,0,,,1.0,4.789932342772382,0.875,1.0,False
D0063,RAMF11,lpfc,C(congruency),-1,0,0,,,1.0,7.290015572607231,0.0625,1.0,False
D0063,RAMF11,lpfc,C(incongruentProportion),-1,0,0,,,1.0,1.839583985365674,0.875,1.0,False
D0063,RAMF11,lpfc,C(congruency):C(incongruentProportion),-1,0,0,,,1.0,3.5900024095035574,0.125,1.0,False
D0063,RAMF12,lpfc,C(congruency),-1,0,0,,,1.0,2.28046768180348,0.0625,1.0,False
D0063,RAMF12,lpfc,C(incongruentProportion),-1,0,0,,,1.0,1.1990870901970967,0.3125,1.0,False
D0063,RAMF12,lpfc,C(congruency):C(incongruentProportion),-1,0,0,,,1.0,4.8686054570693305,0.125,1.0,False
D0063,RAMF13,lpfc,C(congruency),-1,0,0,,,1.0,1.969783027560862,1.25,1.0,False
D0063,RAMF13,lpfc,C(incongruentProportion),-1,0,0,,,1.0,1.354252281340325,1.25,1.0,False
D0063,RAMF13,lpfc,C(congruency):C(incongruentProportion),-1,0,0,,,1.0,4.803291758331671,0.125,1.0,False
D0063,RAMF14,lpfc,C(congruency),-1,0,0,,,1.0,1.977945403192308,1.25,1.0,False
D0063,RAMF14,lpfc,C(incongruentProportion),-1,0,0,,,1.0,1.3725451125985468,1.25,1.0,False
D0063,RAMF14,lpfc,C(congruency):C(incongruentProportion),0,1,8,-0.25,0.1875,0.008,4.989036458546365,0.125,0.378,False
D0063,RAMF8,lpfc,C(congruency),0,1,7,-0.875,-0.5,0.012,5.803414409156147,-0.8125,0.329,False
D0063,RAMF8,lpfc,C(incongruentProportion),-1,0,0,,,1.0,2.733098152188723,0.9375,1.0,False
D0063,RAMF8,lpfc,C(congruency):C(incongruentProportion),-1,0,0,,,1.0,7.3004759056765005,1.125,1.0,False
D0063,RAMF9,lpfc,C(congruency),-1,0,0,,,1.0,3.6429517731215975,0.0625,1.0,False
D0063,RAMF9,lpfc,C(incongruentProportion),0,-1,7,-0.75,-0.375,0.014,9.30844342304527,-0.5,0.16537500000000002,False
D0063,RAMF9,lpfc,C(congruency):C(incongruentProportion),-1,0,0,,,1.0,9.631984931707741,-0.25,1.0,False
D0063,RASF15,lpfc,C(congruency),-1,0,0,,,1.0,5.096532828031158,1.0,1.0,False
D0063,RASF15,lpfc,C(incongruentProportion),-1,0,0,,,1.0,4.706296790747394,0.5625,1.0,False
D0063,RASF15,lpfc,C(congruency):C(incongruentProportion),-1,0,0,,,1.0,5.0383807999426855,0.625,1.0,False
D0063,RASF16,lpfc,C(congruency),0,-1,7,1.0,1.375,0.014,9.133880592969202,1.3125,0.329,False
D0063,RASF16,lpfc,C(incongruentProportion),-1,0,0,,,1.0,10.961258546041256,0.4375,1.0,False
D0063,RASF16,lpfc,C(congruency):C(incongruentProportion),-1,0,0,,,1.0,6.726774780168176,-0.5625,1.0,False
D0063,RMMF10,lpfc,C(congruency),-1,0,0,,,1.0,2.1689636433974258,1.0,1.0,False
D0063,RMMF10,lpfc,C(incongruentProportion),-1,0,0,,,1.0,3.7213968104490673,0.9375,1.0,False
D0063,RMMF10,lpfc,C(congruency):C(incongruentProportion),-1,0,0,,,1.0,4.6617790335175595,0.5625,1.0,False
D0063,RMMF14,lpfc,C(congruency),-1,0,0,,,1.0,3.1499069024867614,-0.5,1.0,False
D0063,RMMF14,lpfc,C(incongruentProportion),-1,0,0,,,1.0,5.5947738173770984,0.25,1.0,False
D0063,RMMF14,lpfc,C(congruency):C(incongruentProportion),-1,0,0,,,1.0,5.161690835636851,0.75,1.0,False
D0063,RMMF9,lpfc,C(congruency),-1,0,0,,,1.0,7.13089399926163,1.0625,1.0,False
D0063,RMMF9,lpfc,C(incongruentProportion),-1,0,0,,,1.0,5.218089829006631,0.375,1.0,False
D0063,RMMF9,lpfc,C(congruency):C(incongruentProportion),-1,0,0,,,1.0,8.140703962479261,0.5625,1.0,False
D0063,RMMT2,occ,C(congruency),-1,0,0,,,1.0,4.076502736484644,-0.8125,1.0,False
D0063,RMMT2,occ,C(incongruentProportion),-1,0,0,,,1.0,1.4145903007386018,-0.5,1.0,False
D0063,RMMT2,occ,C(congruency):C(incongruentProportion),-1,0,0,,,1.0,2.53957266685448,-0.875,1.0,False
D0063,RMSF10,lpfc,C(congruency),-1,0,0,,,1.0,5.67605781784305,0.0,1.0,False
D0063,RMSF10,lpfc,C(incongruentProportion),-1,0,0,,,1.0,3.4557633059990556,0.75,1.0,False
D0063,RMSF10,lpfc,C(congruency):C(incongruentProportion),-1,0,0,,,1.0,8.6577630676523,0.6875,1.0,False
D0063,RMSF11,lpfc,C(congruency),-1,0,0,,,1.0,4.115426272036732,0.5,1.0,False
D0063,RMSF11,lpfc,C(incongruentProportion),-1,0,0,,,1.0,8.313943018673086,0.5,1.0,False
D0063,RMSF11,lpfc,C(congruency):C(incongruentProportion),-1,0,0,,,1.0,2.8336524237023597,-0.0625,1.0,False
D0063,RMSF12,lpfc,C(congruency),-1,0,0,,,1.0,3.768675951056298,0.5,1.0,False
D0063,RMSF12,lpfc,C(incongruentProportion),-1,0,0,,,1.0,8.16225644434582,0.5,1.0,False
D0063,RMSF12,lpfc,C(congruency):C(incongruentProportion),-1,0,0,,,1.0,2.7656378712749605,-0.0625,1.0,False
D0063,RMSF7,lpfc,C(congruency),-1,0,0,,,1.0,2.5305982988483984,1.375,1.0,False
D0063,RMSF7,lpfc,C(incongruentProportion),-1,0,0,,,1.0,3.2131383687507578,0.4375,1.0,False
D0063,RMSF7,lpfc,C(congruency):C(incongruentProportion),-1,0,0,,,1.0,3.711696328993931,1.375,1.0,False
D0063,RMSF8,lpfc,C(congruency),-1,0,0,,,1.0,3.993264618707698,0.0,1.0,False
D0063,RMSF8,lpfc,C(incongruentProportion),-1,0,0,,,1.0,1.9881626358417788,0.125,1.0,False
D0063,RMSF8,lpfc,C(congruency):C(incongruentProportion),-1,0,0,,,1.0,6.142706407784523,0.625,1.0,False
D0063,RMSF9,lpfc,C(congruency),-1,0,0,,,1.0,3.823013183950322,-0.125,1.0,False
D0063,RMSF9,lpfc,C(incongruentProportion),-1,0,0,,,1.0,4.2990022640702845,-0.3125,1.0,False
D0063,RMSF9,lpfc,C(congruency):C(incongruentProportion),-1,0,0,,,1.0,10.677326900658446,0.625,1.0,False
D0063,ROF16,lpfc,C(congruency),-1,0,0,,,1.0,5.669943550364463,1.3125,1.0,False
D0063,ROF16,lpfc,C(incongruentProportion),-1,0,0,,,1.0,3.648689733290896,0.75,1.0,False
D0063,ROF16,lpfc,C(congruency):C(incongruentProportion),-1,0,0,,,1.0,8.573546987871179,0.125,1.0,False
D0065,RMSF12,lpfc,C(congruency),-1,0,0,,,1.0,3.7408508333155814,-0.75,1.0,False
D0065,RMSF12,lpfc,C(incongruentProportion),-1,0,0,,,1.0,3.4576725090698393,1.0,1.0,False
D0065,RMSF12,lpfc,C(congruency):C(incongruentProportion),-1,0,0,,,1.0,1.256781225697971,0.5625,1.0,False
D0065,RPMT1,occ,C(congruency),-1,0,0,,,1.0,3.1409313647633423,-0.125,1.0,False
D0065,RPMT1,occ,C(incongruentProportion),-1,0,0,,,1.0,2.8962071135814913,0.875,1.0,False
D0065,RPMT1,occ,C(congruency):C(incongruentProportion),-1,0,0,,,1.0,3.552081549925764,0.75,1.0,False
D0069,LOF8,lpfc,C(congruency),-1,0,0,,,1.0,8.435681112563739,-0.125,1.0,False
D0069,LOF8,lpfc,C(incongruentProportion),-1,0,0,,,1.0,5.035478702699707,-0.125,1.0,False
D0069,LOF8,lpfc,C(congruency):C(incongruentProportion),-1,0,0,,,1.0,4.64923926878453,1.0,1.0,False
D0071,RFO14,lpfc,C(congruency),-1,0,0,,,1.0,5.041314925169776,1.125,1.0,False
D0071,RFO14,lpfc,C(incongruentProportion),-1,0,0,,,1.0,4.249698712982815,-0.3125,1.0,False
D0071,RFO14,lpfc,C(congruency):C(incongruentProportion),-1,0,0,,,1.0,3.3966490862046683,1.3125,1.0,False
D0071,RIA11,lpfc,C(congruency),-1,0,0,,,1.0,8.302871961697553,0.6875,1.0,False
D0071,RIA11,lpfc,C(incongruentProportion),-1,0,0,,,1.0,10.502390809577983,-0.6875,1.0,False
D0071,RIA11,lpfc,C(congruency):C(incongruentProportion),-1,0,0,,,1.0,8.060720776306997,0.5625,1.0,False
D0071,RIA12,lpfc,C(congruency),-1,0,0,,,1.0,2.2889528610669965,0.375,1.0,False
D0071,RIA12,lpfc,C(incongruentProportion),-1,0,0,,,1.0,3.6266335185987373,0.0625,1.0,False
D0071,RIA12,lpfc,C(congruency):C(incongruentProportion),-1,0,0,,,1.0,3.065772380577798,0.0625,1.0,False
D0071,RIA13,lpfc,C(congruency),-1,0,0,,,1.0,5.262067669151433,1.25,1.0,False
D0071,RIA13,lpfc,C(incongruentProportion),-1,0,0,,,1.0,3.670512193368497,-0.1875,1.0,False
D0071,RIA13,lpfc,C(congruency):C(incongruentProportion),-1,0,0,,,1.0,5.790690152110271,0.5625,1.0,False
D0071,RIA16,lpfc,C(congruency),-1,0,0,,,1.0,1.8663879674467538,1.0625,1.0,False
D0071,RIA16,lpfc,C(incongruentProportion),-1,0,0,,,1.0,1.7897281738152455,-0.75,1.0,False
D0071,RIA16,lpfc,C(congruency):C(incongruentProportion),-1,0,0,,,1.0,8.557230661458595,0.4375,1.0,False
D0071,RIA4,lpfc,C(congruency),-1,0,0,,,1.0,2.8105382875487734,0.6875,1.0,False
D0071,RIA4,lpfc,C(incongruentProportion),0,-1,6,0.5625,0.875,0.014,12.654687086026271,0.75,0.16537500000000002,False
D0071,RIA4,lpfc,C(congruency):C(incongruentProportion),-1,0,0,,,1.0,11.36928158548138,0.6875,1.0,False
D0071,RIA5,lpfc,C(congruency),-1,0,0,,,1.0,5.493496658472047,0.75,1.0,False
D0071,RIA5,lpfc,C(incongruentProportion),-1,0,0,,,1.0,11.548260080133876,1.375,1.0,False
D0071,RIA5,lpfc,C(congruency):C(incongruentProportion),-1,0,0,,,1.0,6.588943322993928,-0.8125,1.0,False
D0071,RIP16,lpfc,C(congruency),-1,0,0,,,1.0,2.73110819759373,0.4375,1.0,False
D0071,RIP16,lpfc,C(incongruentProportion),-1,0,0,,,1.0,5.5322323522957975,0.5,1.0,False
D0071,RIP16,lpfc,C(congruency):C(incongruentProportion),-1,0,0,,,1.0,4.641738233590251,1.0,1.0,False
D0071,RIP6,lpfc,C(congruency),-1,0,0,,,1.0,4.261723441371189,-0.3125,1.0,False
D0071,RIP6,lpfc,C(incongruentProportion),-1,0,0,,,1.0,6.70290317626147,0.9375,1.0,False
D0071,RIP6,lpfc,C(congruency):C(incongruentProportion),-1,0,0,,,1.0,4.534018424646807,-0.875,1.0,False
D0071,RO1,occ,C(congruency),-1,0,0,,,1.0,9.599548039820496,0.125,1.0,False
D0071,RO1,occ,C(incongruentProportion),0,1,8,0.375,0.8125,0.01,12.29297917007009,0.6875,0.08,False
D0071,RO1,occ,C(congruency):C(incongruentProportion),-1,0,0,,,1.0,6.06730081706195,-0.75,1.0,False
D0077,ROPM1,occ,C(congruency),-1,0,0,,,1.0,6.728218175640306,0.3125,1.0,False
D0077,ROPM1,occ,C(incongruentProportion),-1,0,0,,,1.0,6.839117564360753,1.3125,1.0,False
D0077,ROPM1,occ,C(congruency):C(incongruentProportion),-1,0,0,,,1.0,1.3046425404452222,0.0,1.0,False
D0090,RFO15,lpfc,C(congruency),-1,0,0,,,1.0,7.916360352666128,1.0625,1.0,False
D0090,RFO15,lpfc,C(incongruentProportion),-1,0,0,,,1.0,8.283662131589987,1.0625,1.0,False
D0090,RFO15,lpfc,C(congruency):C(incongruentProportion),-1,0,0,,,1.0,4.411680925606676,1.1875,1.0,False
D0090,RIA11,lpfc,C(congruency),-1,0,0,,,1.0,6.217176733732891,-0.875,1.0,False
D0090,RIA11,lpfc,C(incongruentProportion),-1,0,0,,,1.0,4.240862576407175,1.125,1.0,False
D0090,RIA11,lpfc,C(congruency):C(incongruentProportion),-1,0,0,,,1.0,2.019907801797381,0.1875,1.0,False
D0090,RIA12,lpfc,C(congruency),-1,0,0,,,1.0,5.341676728461439,0.3125,1.0,False
D0090,RIA12,lpfc,C(incongruentProportion),-1,0,0,,,1.0,3.4668919934042632,-0.4375,1.0,False
D0090,RIA12,lpfc,C(congruency):C(incongruentProportion),-1,0,0,,,1.0,2.299351415255083,1.1875,1.0,False
D0090,RIA14,lpfc,C(congruency),-1,0,0,,,1.0,3.0873089209001,0.125,1.0,False
D0090,RIA14,lpfc,C(incongruentProportion),-1,0,0,,,1.0,3.5064704503259914,0.6875,1.0,False
D0090,RIA14,lpfc,C(congruency):C(incongruentProportion),-1,0,0,,,1.0,2.698401948541824,0.1875,1.0,False
D0090,RIA15,lpfc,C(congruency),-1,0,0,,,1.0,4.1033574015224845,-0.5,1.0,False
D0090,RIA15,lpfc,C(incongruentProportion),-1,0,0,,,1.0,3.0239978732658352,0.625,1.0,False
D0090,RIA15,lpfc,C(congruency):C(incongruentProportion),-1,0,0,,,1.0,4.83511152010434,-0.5,1.0,False
D0090,RIA16,lpfc,C(congruency),-1,0,0,,,1.0,4.245269267673226,-0.875,1.0,False
D0090,RIA16,lpfc,C(incongruentProportion),-1,0,0,,,1.0,3.4718165886279646,0.875,1.0,False
D0090,RIA16,lpfc,C(congruency):C(incongruentProportion),-1,0,0,,,1.0,4.579154113036037,0.625,1.0,False
D0090,RIA6,lpfc,C(congruency),-1,0,0,,,1.0,3.5374969902181626,-0.625,1.0,False
D0090,RIA6,lpfc,C(incongruentProportion),-1,0,0,,,1.0,3.9388406509682268,-0.3125,1.0,False
D0090,RIA6,lpfc,C(congruency):C(incongruentProportion),-1,0,0,,,1.0,3.1753771763544356,0.5625,1.0,False
D0090,RIP7,lpfc,C(congruency),-1,0,0,,,1.0,5.497686881003748,0.9375,1.0,False
D0090,RIP7,lpfc,C(incongruentProportion),0,1,5,0.5,0.75,0.044,9.0248357723892,0.625,0.2772,False
D0090,RIP7,lpfc,C(congruency):C(incongruentProportion),-1,0,0,,,1.0,2.4441260774630034,-0.1875,1.0,False
D0090,RTPO1,occ,C(congruency),-1,0,0,,,1.0,4.166420005973594,-0.625,1.0,False
D0090,RTPO1,occ,C(incongruentProportion),0,-1,7,1.0,1.375,0.018,9.527533995181912,1.125,0.08999999999999998,False
D0090,RTPO1,occ,C(congruency):C(incongruentProportion),-1,0,0,,,1.0,1.4922441443834176,0.3125,1.0,False
D0094,LIA12,lpfc,C(congruency),-1,0,0,,,1.0,2.0153015351197627,0.5625,1.0,False
D0094,LIA12,lpfc,C(incongruentProportion),0,1,9,-0.5625,-0.0625,0.016,11.982215846961434,-0.375,0.1778823529411765,False
D0094,LIA12,lpfc,C(congruency):C(incongruentProportion),-1,0,0,,,1.0,4.707181902654719,0.5625,1.0,False
D0094,LIA13,lpfc,C(congruency),-1,0,0,,,1.0,2.535116070045578,0.8125,1.0,False
D0094,LIA13,lpfc,C(incongruentProportion),0,1,10,-0.5,0.0625,0.008,11.076469522107418,-0.375,0.126,False
D0094,LIA13,lpfc,C(congruency):C(incongruentProportion),-1,0,0,,,1.0,3.470613901129677,0.5625,1.0,False
D0100,LOAI1,occ,C(congruency),-1,0,0,,,1.0,5.927517193208729,1.3125,1.0,False
D0100,LOAI1,occ,C(incongruentProportion),-1,0,0,,,1.0,4.896782393924781,0.0625,1.0,False
D0100,LOAI1,occ,C(congruency):C(incongruentProportion),-1,0,0,,,1.0,7.545536373022829,0.375,1.0,False
D0100,LOAI12,occ,C(congruency),-1,0,0,,,1.0,8.947875847920912,0.75,1.0,False
D0100,LOAI12,occ,C(incongruentProportion),-1,0,0,,,1.0,4.693883314997217,0.6875,1.0,False
D0100,LOAI12,occ,C(congruency):C(incongruentProportion),-1,0,0,,,1.0,3.6487601203734585,1.25,1.0,False
D0100,LOMM3,occ,C(congruency),-1,0,0,,,1.0,7.504381767016761,-0.625,1.0,False
D0100,LOMM3,occ,C(incongruentProportion),-1,0,0,,,1.0,11.94870820460166,-0.1875,1.0,False
D0100,LOMM3,occ,C(congruency):C(incongruentProportion),-1,0,0,,,1.0,5.17161965434476,0.75,1.0,False
D0100,LOMM4,occ,C(congruency),-1,0,0,,,1.0,2.5778826143961466,0.875,1.0,False
D0100,LOMM4,occ,C(incongruentProportion),-1,0,0,,,1.0,4.101767317653082,1.0625,1.0,False
D0100,LOMM4,occ,C(congruency):C(incongruentProportion),-1,0,0,,,1.0,2.576198336540761,0.75,1.0,False
D0100,LOMM5,occ,C(congruency),-1,0,0,,,1.0,4.536637838123592,-0.125,1.0,False
D0100,LOMM5,occ,C(incongruentProportion),-1,0,0,,,1.0,3.657296715568816,0.5625,1.0,False
D0100,LOMM5,occ,C(congruency):C(incongruentProportion),-1,0,0,,,1.0,2.5515991267853004,-0.75,1.0,False
D0100,LOPI1,occ,C(congruency),-1,0,0,,,1.0,4.114737853527444,-0.75,1.0,False
D0100,LOPI1,occ,C(incongruentProportion),-1,0,0,,,1.0,5.262517540663687,0.0625,1.0,False
D0100,LOPI1,occ,C(congruency):C(incongruentProportion),-1,0,0,,,1.0,8.896088197326659,-0.5,1.0,False
D0100,LOPI4,occ,C(congruency),0,1,5,0.9375,1.1875,0.036,11.760953220052514,1.0625,0.7199999999999999,False
D0100,LOPI4,occ,C(incongruentProportion),-1,0,0,,,1.0,8.079287332231036,1.0625,1.0,False
D0100,LOPI4,occ,C(congruency):C(incongruentProportion),0,1,5,-0.75,-0.5,0.042,4.927123369299278,-0.75,0.84,False
D0100,LOPM1,occ,C(congruency),-1,0,0,,,1.0,7.49070530498504,-0.0625,1.0,False
D0100,LOPM1,occ,C(incongruentProportion),0,1,6,-0.25,0.0625,0.012,12.01959716828108,-0.0625,0.08,False
D0100,LOPM1,occ,C(congruency):C(incongruentProportion),-1,0,0,,,1.0,2.7561898738188906,0.9375,1.0,False
D0100,LOPM10,occ,C(congruency),-1,0,0,,,1.0,1.3757921734673053,1.375,1.0,False
D0100,LOPM10,occ,C(incongruentProportion),-1,0,0,,,1.0,5.512464617663208,-0.625,1.0,False
D0100,LOPM10,occ,C(congruency):C(incongruentProportion),-1,0,0,,,1.0,5.935181435304562,1.375,1.0,False
D0100,LOPM8,occ,C(congruency),-1,0,0,,,1.0,2.9035760732153153,0.875,1.0,False
D0100,LOPM8,occ,C(incongruentProportion),0,-1,5,0.25,0.5,0.046,7.810441304580346,0.3125,0.184,False
D0100,LOPM8,occ,C(congruency):C(incongruentProportion),-1,0,0,,,1.0,8.933357976134673,-0.25,1.0,False
D0100,LOPM9,occ,C(congruency),-1,0,0,,,1.0,2.5154380272852843,0.875,1.0,False
D0100,LOPM9,occ,C(incongruentProportion),-1,0,0,,,1.0,9.610069130830029,0.3125,1.0,False
D0100,LOPM9,occ,C(congruency):C(incongruentProportion),-1,0,0,,,1.0,5.187133520461973,0.125,1.0,False
D0100,LTOJ1,occ,C(congruency),-1,0,0,,,1.0,3.5812665487626867,-0.6875,1.0,False
D0100,LTOJ1,occ,C(incongruentProportion),-1,0,0,,,1.0,8.881047446931799,0.9375,1.0,False
D0100,LTOJ1,occ,C(congruency):C(incongruentProportion),-1,0,0,,,1.0,4.045278046007509,0.4375,1.0,False
D0102,RFAI2,lpfc,C(congruency),-1,0,0,,,1.0,2.951046559259595,-0.625,1.0,False
D0102,RFAI2,lpfc,C(incongruentProportion),-1,0,0,,,1.0,6.374241887247172,-0.6875,1.0,False
D0102,RFAI2,lpfc,C(congruency):C(incongruentProportion),-1,0,0,,,1.0,1.0011777067208063,0.5625,1.0,False
D0102,RFAI3,lpfc,C(congruency),-1,0,0,,,1.0,2.3966380576428,-0.875,1.0,False
D0102,RFAI3,lpfc,C(incongruentProportion),-1,0,0,,,1.0,5.89274684145386,-0.875,1.0,False
D0102,RFAI3,lpfc,C(congruency):C(incongruentProportion),-1,0,0,,,1.0,2.7821582073911713,0.875,1.0,False
D0102,RFAM15,lpfc,C(congruency),-1,0,0,,,1.0,5.0270899792430885,0.125,1.0,False
D0102,RFAM15,lpfc,C(incongruentProportion),-1,0,0,,,1.0,3.1832575582864795,-0.1875,1.0,False
D0102,RFAM15,lpfc,C(congruency):C(incongruentProportion),-1,0,0,,,1.0,2.7551510399724863,0.375,1.0,False
D0102,RTPI1,occ,C(congruency),-1,0,0,,,1.0,6.392536898370884,-0.875,1.0,False
D0102,RTPI1,occ,C(incongruentProportion),-1,0,0,,,1.0,3.460992791992044,0.5625,1.0,False
D0102,RTPI1,occ,C(congruency):C(incongruentProportion),-1,0,0,,,1.0,4.05411515983322,0.9375,1.0,False
D0103,LAI14,lpfc,C(congruency),0,-1,7,0.0625,0.4375,0.014,13.363490184444116,0.3125,0.329,False
D0103,LAI14,lpfc,C(incongruentProportion),-1,0,0,,,1.0,9.208673275660066,0.5,1.0,False
D0103,LAI14,lpfc,C(congruency):C(incongruentProportion),-1,0,0,,,1.0,6.38033623697987,-0.4375,1.0,False
D0103,LAI18,lpfc,C(congruency),-1,0,0,,,1.0,8.855537440490602,0.0625,1.0,False
D0103,LAI18,lpfc,C(incongruentProportion),0,1,6,0.4375,0.75,0.022,14.036793551895592,0.5,0.198,False
D0103,LAI18,lpfc,C(congruency):C(incongruentProportion),-1,0,0,,,1.0,3.905522002782016,1.1875,1.0,False
D0103,LAI4,lpfc,C(congruency),-1,0,0,,,1.0,3.4531899634347423,0.3125,1.0,False
D0103,LAI4,lpfc,C(incongruentProportion),0,1,10,0.1875,0.75,0.004,16.904625943867725,0.375,0.0945,False
D0103,LAI4,lpfc,C(congruency):C(incongruentProportion),-1,0,0,,,1.0,4.970361293168891,-0.25,1.0,False
D0103,LAI7,lpfc,C(congruency),-1,0,0,,,1.0,6.310549801864283,1.25,1.0,False
D0103,LAI7,lpfc,C(incongruentProportion),-1,0,0,,,1.0,6.326047952603175,0.4375,1.0,False
D0103,LAI7,lpfc,C(congruency):C(incongruentProportion),-1,0,0,,,1.0,9.504908898411452,1.0625,1.0,False
D0103,LAI8,lpfc,C(congruency),-1,0,0,,,1.0,4.195411523007097,0.375,1.0,False
D0103,LAI8,lpfc,C(incongruentProportion),-1,0,0,,,1.0,6.248707157271159,0.8125,1.0,False
D0103,LAI8,lpfc,C(congruency):C(incongruentProportion),-1,0,0,,,1.0,2.9749813286469053,0.625,1.0,False
D0103,LFAI4,lpfc,C(congruency),-1,0,0,,,1.0,2.7353147027470377,0.875,1.0,False
D0103,LFAI4,lpfc,C(incongruentProportion),-1,0,0,,,1.0,5.667946171983616,-0.875,1.0,False
D0103,LFAI4,lpfc,C(congruency):C(incongruentProportion),-1,0,0,,,1.0,2.272476164931768,0.625,1.0,False
D0103,LFAM15,lpfc,C(congruency),-1,0,0,,,1.0,3.5443297712035853,0.125,1.0,False
D0103,LFAM15,lpfc,C(incongruentProportion),-1,0,0,,,1.0,13.006882023130782,-0.875,1.0,False
D0103,LFAM15,lpfc,C(congruency):C(incongruentProportion),-1,0,0,,,1.0,4.253450606121816,1.1875,1.0,False
D0103,LFAM8,lpfc,C(congruency),-1,0,0,,,1.0,6.006287668199636,0.1875,1.0,False
D0103,LFAM8,lpfc,C(incongruentProportion),-1,0,0,,,1.0,8.40991938433544,1.0625,1.0,False
D0103,LFAM8,lpfc,C(congruency):C(incongruentProportion),-1,0,0,,,1.0,3.6444215828263564,0.3125,1.0,False
D0103,LFAM9,lpfc,C(congruency),-1,0,0,,,1.0,3.8827170833963125,1.25,1.0,False
D0103,LFAM9,lpfc,C(incongruentProportion),-1,0,0,,,1.0,6.9492084929516516,1.125,1.0,False
D0103,LFAM9,lpfc,C(congruency):C(incongruentProportion),-1,0,0,,,1.0,2.3003898898355684,0.0625,1.0,False
D0103,LFO15,lpfc,C(congruency),-1,0,0,,,1.0,8.667869114585713,-0.5625,1.0,False
D0103,LFO15,lpfc,C(incongruentProportion),0,1,8,-0.875,-0.4375,0.01,9.030376346047529,-0.5625,0.1453846153846154,False
D0103,LFO15,lpfc,C(congruency):C(incongruentProportion),-1,0,0,,,1.0,7.987682111611686,-0.5,1.0,False
D0103,LTPI2,occ,C(congruency),-1,0,0,,,1.0,3.529733306103756,1.375,1.0,False
D0103,LTPI2,occ,C(incongruentProportion),0,-1,11,0.375,1.0,0.0,12.172298131194438,0.5625,0.0,True
D0103,LTPI2,occ,C(congruency):C(incongruentProportion),-1,0,0,,,1.0,3.7793348826350064,0.9375,1.0,False
D0107A,RFAM10,lpfc,C(congruency),-1,0,0,,,1.0,3.1124171564073966,1.0625,1.0,False
D0107A,RFAM10,lpfc,C(incongruentProportion),-1,0,0,,,1.0,5.8155013613607345,0.9375,1.0,False
D0107A,RFAM10,lpfc,C(congruency):C(incongruentProportion),-1,0,0,,,1.0,4.8102970585554,0.125,1.0,False
D0107A,RFAM11,lpfc,C(congruency),-1,0,0,,,1.0,2.9291189227155976,-0.75,1.0,False
D0107A,RFAM11,lpfc,C(incongruentProportion),-1,0,0,,,1.0,7.022253563877065,1.25,1.0,False
D0107A,RFAM11,lpfc,C(congruency):C(incongruentProportion),-1,0,0,,,1.0,3.8926059173616276,-0.5625,1.0,False
D0107A,RFAM12,lpfc,C(congruency),-1,0,0,,,1.0,1.8290412074215543,0.8125,1.0,False
D0107A,RFAM12,lpfc,C(incongruentProportion),-1,0,0,,,1.0,12.200307286554782,0.9375,1.0,False
D0107A,RFAM12,lpfc,C(congruency):C(incongruentProportion),-1,0,0,,,1.0,6.649369233968356,0.5,1.0,False
D0107A,RFAM9,lpfc,C(congruency),-1,0,0,,,1.0,5.50632541528243,0.0,1.0,False
D0107A,RFAM9,lpfc,C(incongruentProportion),0,-1,8,0.875,1.3125,0.008,7.8552318851060985,1.25,0.126,False
D0107A,RFAM9,lpfc,C(congruency):C(incongruentProportion),-1,0,0,,,1.0,5.796303116007493,1.3125,1.0,False
D0107A,RFMM12,lpfc,C(congruency),-1,0,0,,,1.0,1.7220962003149338,-0.6875,1.0,False
D0107A,RFMM12,lpfc,C(incongruentProportion),-1,0,0,,,1.0,5.971058751208156,-0.375,1.0,False
D0107A,RFMM12,lpfc,C(congruency):C(incongruentProportion),-1,0,0,,,1.0,2.6678950652346387,-0.6875,1.0,False
D0107A,RFMM13,lpfc,C(congruency),-1,0,0,,,1.0,2.5882188260416292,1.3125,1.0,False
D0107A,RFMM13,lpfc,C(incongruentProportion),0,-1,6,0.9375,1.25,0.04,10.66438234553889,1.0,0.27,False
D0107A,RFMM13,lpfc,C(congruency):C(incongruentProportion),-1,0,0,,,1.0,5.310751374960804,0.5625,1.0,False
D0107A,RFMM14,lpfc,C(congruency),-1,0,0,,,1.0,1.5403786612564088,0.5625,1.0,False
D0107A,RFMM14,lpfc,C(incongruentProportion),-1,0,0,,,1.0,8.923570717992417,1.0,1.0,False
D0107A,RFMM14,lpfc,C(congruency):C(incongruentProportion),-1,0,0,,,1.0,4.83029334493504,0.5625,1.0,False
D0107A,RFMM15,lpfc,C(congruency),-1,0,0,,,1.0,2.273485105155792,0.5625,1.0,False
D0107A,RFMM15,lpfc,C(incongruentProportion),-1,0,0,,,1.0,5.844768823275027,1.0,1.0,False
D0107A,RFMM15,lpfc,C(congruency):C(incongruentProportion),-1,0,0,,,1.0,4.035202426019216,0.5625,1.0,False
D0107A,RFMM8,lpfc,C(congruency),-1,0,0,,,1.0,4.394912846792028,-0.5,1.0,False
D0107A,RFMM8,lpfc,C(incongruentProportion),0,1,7,-0.5625,-0.1875,0.012,7.264107501948712,-0.375,0.162,False
D0107A,RFMM8,lpfc,C(congruency):C(incongruentProportion),-1,0,0,,,1.0,4.44006055982704,-0.5625,1.0,False
D0107A,RFMM9,lpfc,C(congruency),-1,0,0,,,1.0,8.688310051577783,1.1875,1.0,False
D0107A,RFMM9,lpfc,C(incongruentProportion),-1,0,0,,,1.0,7.414161640468707,0.0625,1.0,False
D0107A,RFMM9,lpfc,C(congruency):C(incongruentProportion),-1,0,0,,,1.0,2.149318670107875,-0.875,1.0,False
D0107A,RFOA16,lpfc,C(congruency),-1,0,0,,,1.0,5.030016864725658,-0.8125,1.0,False
D0107A,RFOA16,lpfc,C(incongruentProportion),-1,0,0,,,1.0,3.7456415725591348,-0.875,1.0,False
D0107A,RFOA16,lpfc,C(congruency):C(incongruentProportion),-1,0,0,,,1.0,4.517635864054552,-0.875,1.0,False
D0107A,RFOA17,lpfc,C(congruency),-1,0,0,,,1.0,4.405750414138052,-0.8125,1.0,False
D0107A,RFOA17,lpfc,C(incongruentProportion),-1,0,0,,,1.0,2.8607079778096365,-0.8125,1.0,False
D0107A,RFOA17,lpfc,C(congruency):C(incongruentProportion),-1,0,0,,,1.0,4.668038232464623,-0.875,1.0,False
D0107A,RFOA18,lpfc,C(congruency),-1,0,0,,,1.0,3.1709693226816897,-0.875,1.0,False
D0107A,RFOA18,lpfc,C(incongruentProportion),-1,0,0,,,1.0,2.3618939916123805,0.1875,1.0,False
D0107A,RFOA18,lpfc,C(congruency):C(incongruentProportion),-1,0,0,,,1.0,3.805505953394788,-0.875,1.0,False
D0107A,RIA12,lpfc,C(congruency),-1,0,0,,,1.0,2.640975075078374,1.375,1.0,False
D0107A,RIA12,lpfc,C(incongruentProportion),0,-1,8,0.5,0.9375,0.004,13.127277613202235,0.75,0.0945,False
D0107A,RIA12,lpfc,C(congruency):C(incongruentProportion),-1,0,0,,,1.0,4.387374778785122,-0.5625,1.0,False
D0107A,RIA15,lpfc,C(congruency),-1,0,0,,,1.0,2.6768499587645493,-0.375,1.0,False
D0107A,RIA15,lpfc,C(incongruentProportion),-1,0,0,,,1.0,6.435177130157751,1.0,1.0,False
D0107A,RIA15,lpfc,C(congruency):C(incongruentProportion),-1,0,0,,,1.0,5.199076650416861,0.5625,1.0,False
D0107A,RIA16,lpfc,C(congruency),-1,0,0,,,1.0,1.7881295081401696,-0.375,1.0,False
D0107A,RIA16,lpfc,C(incongruentProportion),-1,0,0,,,1.0,5.747481668504675,0.9375,1.0,False
D0107A,RIA16,lpfc,C(congruency):C(incongruentProportion),-1,0,0,,,1.0,4.610382406251107,0.5,1.0,False
D0107A,RIA17,lpfc,C(congruency),-1,0,0,,,1.0,1.4900603116919389,0.5625,1.0,False
D0107A,RIA17,lpfc,C(incongruentProportion),-1,0,0,,,1.0,4.991852189509653,1.0,1.0,False
D0107A,RIA17,lpfc,C(congruency):C(incongruentProportion),-1,0,0,,,1.0,5.037084758353621,0.5,1.0,False
D0107A,RIA18,lpfc,C(congruency),-1,0,0,,,1.0,1.353840740529262,-0.125,1.0,False
D0107A,RIA18,lpfc,C(incongruentProportion),-1,0,0,,,1.0,3.4155157825318523,1.0,1.0,False
D0107A,RIA18,lpfc,C(congruency):C(incongruentProportion),-1,0,0,,,1.0,4.9512955753024155,0.5,1.0,False
D0107A,RIA5,lpfc,C(congruency),-1,0,0,,,1.0,7.05081348870174,-0.125,1.0,False
D0107A,RIA5,lpfc,C(incongruentProportion),-1,0,0,,,1.0,5.034110884621933,0.3125,1.0,False
D0107A,RIA5,lpfc,C(congruency):C(incongruentProportion),-1,0,0,,,1.0,4.697657430989492,-0.625,1.0,False
D0107A,RIA6,lpfc,C(congruency),-1,0,0,,,1.0,2.838048130793963,0.9375,1.0,False
D0107A,RIA6,lpfc,C(incongruentProportion),-1,0,0,,,1.0,6.664811019168959,0.5625,1.0,False
D0107A,RIA6,lpfc,C(congruency):C(incongruentProportion),-1,0,0,,,1.0,5.355261790559069,1.3125,1.0,False
D0110,LOF15,lpfc,C(congruency),-1,0,0,,,1.0,4.719011244637882,-0.8125,1.0,False
D0110,LOF15,lpfc,C(incongruentProportion),-1,0,0,,,1.0,1.4238833123834858,0.25,1.0,False
D0110,LOF15,lpfc,C(congruency):C(incongruentProportion),-1,0,0,,,1.0,3.5142748445965637,0.25,1.0,False
D0116,LFOA14,lpfc,C(congruency),-1,0,0,,,1.0,4.017630772059548,0.75,1.0,False
D0116,LFOA14,lpfc,C(incongruentProportion),-1,0,0,,,1.0,4.6723632508536355,-0.75,1.0,False
D0116,LFOA14,lpfc,C(congruency):C(incongruentProportion),0,1,7,1.0,1.375,0.046,6.327833360521651,1.0625,0.8247272727272728,False
D0116,LFOA17,lpfc,C(congruency),-1,0,0,,,1.0,5.641512023157921,1.3125,1.0,False
D0116,LFOA17,lpfc,C(incongruentProportion),-1,0,0,,,1.0,5.965073146384603,0.5625,1.0,False
D0116,LFOA17,lpfc,C(congruency):C(incongruentProportion),-1,0,0,,,1.0,6.720197416155989,1.125,1.0,False
D0116,LFOA18,lpfc,C(congruency),-1,0,0,,,1.0,5.513994837581491,0.5,1.0,False
D0116,LFOA18,lpfc,C(incongruentProportion),-1,0,0,,,1.0,2.210866945979384,0.5625,1.0,False
D0116,LFOA18,lpfc,C(congruency):C(incongruentProportion),-1,0,0,,,1.0,5.261077001863665,1.0,1.0,False
D0116,RFMI4,lpfc,C(congruency),-1,0,0,,,1.0,4.12520628106618,-0.875,1.0,False
D0116,RFMI4,lpfc,C(incongruentProportion),0,-1,8,0.3125,0.75,0.028,11.686748839891678,-0.1875,0.23008695652173916,False
D0116,RFMI4,lpfc,C(congruency):C(incongruentProportion),-1,0,0,,,1.0,1.4769162470848796,0.125,1.0,False
D0116,RFOA14,lpfc,C(congruency),-1,0,0,,,1.0,3.325280457624742,1.1875,1.0,False
D0116,RFOA14,lpfc,C(incongruentProportion),0,1,18,-0.1875,0.875,0.0,9.378699917803575,0.6875,0.0,True
D0116,RFOA14,lpfc,C(congruency):C(incongruentProportion),-1,0,0,,,1.0,4.401690442740466,1.0625,1.0,False
D0116,RFOA15,lpfc,C(congruency),-1,0,0,,,1.0,4.819720553581408,0.5625,1.0,False
D0116,RFOA15,lpfc,C(incongruentProportion),-1,0,0,,,1.0,6.315539293127124,0.75,1.0,False
D0116,RFOA15,lpfc,C(congruency):C(incongruentProportion),-1,0,0,,,1.0,7.474790817692778,1.375,1.0,False
D0116,RFOA16,lpfc,C(congruency),-1,0,0,,,1.0,7.0335869470063574,1.125,1.0,False
D0116,RFOA16,lpfc,C(incongruentProportion),0,1,10,0.4375,1.0,0.006,9.724431920118366,0.5625,0.126,False
D0116,RFOA16,lpfc,C(congruency):C(incongruentProportion),0,1,7,1.0,1.375,0.042,9.790460747357216,1.125,0.8247272727272728,False
D0116,RFOP15,lpfc,C(congruency),-1,0,0,,,1.0,7.909688787341444,-0.5625,1.0,False
D0116,RFOP15,lpfc,C(incongruentProportion),-1,0,0,,,1.0,4.353433846236381,-0.625,1.0,False
D0116,RFOP15,lpfc,C(congruency):C(incongruentProportion),-1,0,0,,,1.0,10.037326796205445,1.125,1.0,False
D0117,RINSA12,lpfc,C(congruency),-1,0,0,,,1.0,2.4201680040664004,-0.0625,1.0,False
D0117,RINSA12,lpfc,C(incongruentProportion),-1,0,0,,,1.0,4.214637934782171,0.625,1.0,False
D0117,RINSA12,lpfc,C(congruency):C(incongruentProportion),-1,0,0,,,1.0,1.4579571996218472,0.5625,1.0,False
D0117,RINSA14,lpfc,C(congruency),-1,0,0,,,1.0,3.027542381650025,-0.375,1.0,False
D0117,RINSA14,lpfc,C(incongruentProportion),-1,0,0,,,1.0,2.438278349239531,0.5625,1.0,False
D0117,RINSA14,lpfc,C(congruency):C(incongruentProportion),-1,0,0,,,1.0,1.165646445055496,0.6875,1.0,False
D0117,RINSA3,lpfc,C(congruency),-1,0,0,,,1.0,5.256348132913612,0.5,1.0,False
D0117,RINSA3,lpfc,C(incongruentProportion),0,1,6,0.25,0.5625,0.036,9.55027866141726,0.4375,0.252,False
D0117,RINSA3,lpfc,C(congruency):C(incongruentProportion),-1,0,0,,,1.0,5.421373410480905,0.625,1.0,False
D0117,RLOF11,lpfc,C(congruency),-1,0,0,,,1.0,2.153871316179398,-0.375,1.0,False
D0117,RLOF11,lpfc,C(incongruentProportion),-1,0,0,,,1.0,2.185881422062248,0.9375,1.0,False
D0117,RLOF11,lpfc,C(congruency):C(incongruentProportion),-1,0,0,,,1.0,2.899372270349544,0.6875,1.0,False
D0117,RMOF15,lpfc,C(congruency),-1,0,0,,,1.0,3.201882317108508,-0.5625,1.0,False
D0117,RMOF15,lpfc,C(incongruentProportion),-1,0,0,,,1.0,2.8126346199127186,0.625,1.0,False
D0117,RMOF15,lpfc,C(congruency):C(incongruentProportion),-1,0,0,,,1.0,1.8038856053299275,1.3125,1.0,False
D0121,LFA10,lpfc,C(congruency),-1,0,0,,,1.0,3.8094485811882213,-0.0625,1.0,False
D0121,LFA10,lpfc,C(incongruentProportion),-1,0,0,,,1.0,4.083508258777999,0.0,1.0,False
D0121,LFA10,lpfc,C(congruency):C(incongruentProportion),-1,0,0,,,1.0,5.119184955440245,0.625,1.0,False
D0121,LFA11,lpfc,C(congruency),-1,0,0,,,1.0,7.3201202098536085,1.1875,1.0,False
D0121,LFA11,lpfc,C(incongruentProportion),-1,0,0,,,1.0,3.423990145872021,0.0,1.0,False
D0121,LFA11,lpfc,C(congruency):C(incongruentProportion),-1,0,0,,,1.0,2.6530850547103637,-0.1875,1.0,False
D0121,LFA12,lpfc,C(congruency),-1,0,0,,,1.0,6.09842233055236,1.125,1.0,False
D0121,LFA12,lpfc,C(incongruentProportion),-1,0,0,,,1.0,6.698237089248804,0.25,1.0,False
D0121,LFA12,lpfc,C(congruency):C(incongruentProportion),-1,0,0,,,1.0,2.365820396854807,-0.6875,1.0,False
D0121,LFA7,lpfc,C(congruency),-1,0,0,,,1.0,2.088641174397173,-0.5625,1.0,False
D0121,LFA7,lpfc,C(incongruentProportion),-1,0,0,,,1.0,6.437941213063452,-0.0625,1.0,False
D0121,LFA7,lpfc,C(congruency):C(incongruentProportion),-1,0,0,,,1.0,5.7213620532963505,0.375,1.0,False
D0121,LFA8,lpfc,C(congruency),-1,0,0,,,1.0,4.429267622908522,0.375,1.0,False
D0121,LFA8,lpfc,C(incongruentProportion),0,-1,9,0.25,0.75,0.008,8.354610624484462,0.6875,0.126,False
D0121,LFA8,lpfc,C(congruency):C(incongruentProportion),-1,0,0,,,1.0,4.326736335359729,0.375,1.0,False
D0121,LFAM10,lpfc,C(congruency),-1,0,0,,,1.0,3.2718284797480894,-0.4375,1.0,False
D0121,LFAM10,lpfc,C(incongruentProportion),-1,0,0,,,1.0,3.351699283558224,-0.875,1.0,False
D0121,LFAM10,lpfc,C(congruency):C(incongruentProportion),-1,0,0,,,1.0,5.23860102218036,0.0625,1.0,False
D0121,LFAM12,lpfc,C(congruency),-1,0,0,,,1.0,6.310414476975813,1.1875,1.0,False
D0121,LFAM12,lpfc,C(incongruentProportion),-1,0,0,,,1.0,5.078290605785685,0.5,1.0,False
D0121,LFAM12,lpfc,C(congruency):C(incongruentProportion),-1,0,0,,,1.0,3.522389842579859,0.0,1.0,False
D0121,LFAM9,lpfc,C(congruency),-1,0,0,,,1.0,2.8892353286654138,-0.875,1.0,False
D0121,LFAM9,lpfc,C(incongruentProportion),-1,0,0,,,1.0,4.53931517867142,1.0625,1.0,False
D0121,LFAM9,lpfc,C(congruency):C(incongruentProportion),-1,0,0,,,1.0,1.1609558555640154,0.625,1.0,False
D0121,LFAS10,lpfc,C(congruency),-1,0,0,,,1.0,5.879109450728506,0.25,1.0,False
D0121,LFAS10,lpfc,C(incongruentProportion),0,-1,8,0.1875,0.625,0.018,5.708537313323202,0.25,0.17905263157894735,False
D0121,LFAS10,lpfc,C(congruency):C(incongruentProportion),-1,0,0,,,1.0,2.8278371068584414,-0.0625,1.0,False
D0121,LFMI4,lpfc,C(congruency),-1,0,0,,,1.0,6.606336075235673,-0.5,1.0,False
D0121,LFMI4,lpfc,C(incongruentProportion),-1,0,0,,,1.0,4.011227585346613,-0.5625,1.0,False
D0121,LFMI4,lpfc,C(congruency):C(incongruentProportion),-1,0,0,,,1.0,5.655060210110996,0.5625,1.0,False
D0121,LFMI5,lpfc,C(congruency),-1,0,0,,,1.0,6.209787979428708,0.5625,1.0,False
D0121,LFMI5,lpfc,C(incongruentProportion),-1,0,0,,,1.0,4.628461544507457,-0.8125,1.0,False
D0121,LFMI5,lpfc,C(congruency):C(incongruentProportion),-1,0,0,,,1.0,3.830213405922696,1.0625,1.0,False
D0121,LFMI8,lpfc,C(congruency),-1,0,0,,,1.0,2.470234585928583,-0.125,1.0,False
D0121,LFMI8,lpfc,C(incongruentProportion),-1,0,0,,,1.0,4.5585939299226,0.6875,1.0,False
D0121,LFMI8,lpfc,C(congruency):C(incongruentProportion),-1,0,0,,,1.0,1.8724303049327946,1.375,1.0,False
D0121,LFMI9,lpfc,C(congruency),-1,0,0,,,1.0,7.289104858937203,1.1875,1.0,False
D0121,LFMI9,lpfc,C(incongruentProportion),-1,0,0,,,1.0,3.8286275621125188,0.625,1.0,False
D0121,LFMI9,lpfc,C(congruency):C(incongruentProportion),-1,0,0,,,1.0,1.9551226390073846,-0.5,1.0,False
D0121,LFMM11,lpfc,C(congruency),-1,0,0,,,1.0,3.7850302759824768,1.25,1.0,False
D0121,LFMM11,lpfc,C(incongruentProportion),-1,0,0,,,1.0,6.4001940088409075,0.25,1.0,False
D0121,LFMM11,lpfc,C(congruency):C(incongruentProportion),-1,0,0,,,1.0,3.5973278399266957,1.3125,1.0,False
D0121,LFMM12,lpfc,C(congruency),-1,0,0,,,1.0,5.3968259797639915,0.25,1.0,False
D0121,LFMM12,lpfc,C(incongruentProportion),0,-1,7,0.0625,0.4375,0.042,8.172209967950886,0.25,0.2737241379310345,False
D0121,LFMM12,lpfc,C(congruency):C(incongruentProportion),-1,0,0,,,1.0,2.7913249399876863,1.375,1.0,False
D0121,LFMM9,lpfc,C(congruency),-1,0,0,,,1.0,3.9602489621802035,0.5,1.0,False
D0121,LFMM9,lpfc,C(incongruentProportion),-1,0,0,,,1.0,5.602999146090707,0.5,1.0,False
D0121,LFMM9,lpfc,C(congruency):C(incongruentProportion),0,-1,9,0.375,0.875,0.008,14.259439610600207,0.625,0.378,False
D0121,LFMS12,lpfc,C(congruency),-1,0,0,,,1.0,5.519002638881906,0.3125,1.0,False
D0121,LFMS12,lpfc,C(incongruentProportion),0,-1,7,0.25,0.625,0.028,7.882819031251649,0.5,0.23008695652173916,False
D0121,LFMS12,lpfc,C(congruency):C(incongruentProportion),-1,0,0,,,1.0,1.7317580292853352,-0.6875,1.0,False
D0121,LFO12,lpfc,C(congruency),0,1,8,0.125,0.5625,0.01,7.5609354137858364,1.1875,0.329,False
D0121,LFO12,lpfc,C(incongruentProportion),-1,0,0,,,1.0,8.189160462924356,1.1875,1.0,False
D0121,LFO12,lpfc,C(congruency):C(incongruentProportion),-1,0,0,,,1.0,3.1467568448604313,1.375,1.0,False
D0121,LFO13,lpfc,C(congruency),-1,0,0,,,1.0,7.702736378470025,1.25,1.0,False
D0121,LFO13,lpfc,C(incongruentProportion),-1,0,0,,,1.0,6.54080911299297,1.25,1.0,False
D0121,LFO13,lpfc,C(congruency):C(incongruentProportion),-1,0,0,,,1.0,3.5561122803847907,1.375,1.0,False
D0121,LFO14,lpfc,C(congruency),-1,0,0,,,1.0,5.696322891386797,1.1875,1.0,False
D0121,LFO14,lpfc,C(incongruentProportion),-1,0,0,,,1.0,4.888237973829375,0.5,1.0,False
D0121,LFO14,lpfc,C(congruency):C(incongruentProportion),-1,0,0,,,1.0,1.9466911938102984,1.375,1.0,False
D0121,LFO15,lpfc,C(congruency),-1,0,0,,,1.0,5.013104469891465,1.1875,1.0,False
D0121,LFO15,lpfc,C(incongruentProportion),-1,0,0,,,1.0,4.922567740456207,0.5625,1.0,False
D0121,LFO15,lpfc,C(congruency):C(incongruentProportion),-1,0,0,,,1.0,2.148284872562283,-0.6875,1.0,False
D0121,LFO16,lpfc,C(congruency),-1,0,0,,,1.0,4.113193591351386,1.1875,1.0,False
D0121,LFO16,lpfc,C(incongruentProportion),-1,0,0,,,1.0,5.524996850406703,0.5625,1.0,False
D0121,LFO16,lpfc,C(congruency):C(incongruentProportion),-1,0,0,,,1.0,3.0770191948117778,-0.6875,1.0,False
D0121,LFO17,lpfc,C(congruency),-1,0,0,,,1.0,4.001561157330745,1.1875,1.0,False
D0121,LFO17,lpfc,C(incongruentProportion),-1,0,0,,,1.0,3.977074727099342,-0.25,1.0,False
D0121,LFO17,lpfc,C(congruency):C(incongruentProportion),-1,0,0,,,1.0,1.9997599810407907,-0.6875,1.0,False
D0121,LFO18,lpfc,C(congruency),-1,0,0,,,1.0,5.048907801712413,-0.8125,1.0,False
D0121,LFO18,lpfc,C(incongruentProportion),-1,0,0,,,1.0,6.195639200266509,0.5,1.0,False
D0121,LFO18,lpfc,C(congruency):C(incongruentProportion),-1,0,0,,,1.0,2.3487565120306897,1.3125,1.0,False
D0121,LFOA15,lpfc,C(congruency),-1,0,0,,,1.0,3.5020307940900945,1.1875,1.0,False
D0121,LFOA15,lpfc,C(incongruentProportion),-1,0,0,,,1.0,5.972702303147165,0.5625,1.0,False
D0121,LFOA15,lpfc,C(congruency):C(incongruentProportion),-1,0,0,,,1.0,3.2161376112659465,1.375,1.0,False
D0121,LFOP12,lpfc,C(congruency),-1,0,0,,,1.0,1.6452757203295523,-0.3125,1.0,False
D0121,LFOP12,lpfc,C(incongruentProportion),0,-1,6,0.25,0.5625,0.03,7.4023027996038975,0.375,0.23625000000000002,False
D0121,LFOP12,lpfc,C(congruency):C(incongruentProportion),-1,0,0,,,1.0,2.505824911906751,1.3125,1.0,False
D0121,LFOP13,lpfc,C(congruency),-1,0,0,,,1.0,3.831487922976159,0.5625,1.0,False
D0121,LFOP13,lpfc,C(incongruentProportion),0,-1,8,-0.0625,0.375,0.018,5.161074863450106,0.25,0.17905263157894735,False
D0121,LFOP13,lpfc,C(congruency):C(incongruentProportion),-1,0,0,,,1.0,2.8156423838707987,-0.25,1.0,False
D0121,LFOP15,lpfc,C(congruency),-1,0,0,,,1.0,2.609986029517465,-0.5625,1.0,False
D0121,LFOP15,lpfc,C(incongruentProportion),-1,0,0,,,1.0,2.274970901663612,0.125,1.0,False
D0121,LFOP15,lpfc,C(congruency):C(incongruentProportion),-1,0,0,,,1.0,4.121425179592779,0.375,1.0,False
D0121,LFOP16,lpfc,C(congruency),-1,0,0,,,1.0,3.741880502757649,0.25,1.0,False
D0121,LFOP16,lpfc,C(incongruentProportion),0,-1,9,0.125,0.625,0.002,10.019930196224633,0.25,0.0945,False
D0121,LFOP16,lpfc,C(congruency):C(incongruentProportion),-1,0,0,,,1.0,5.040508224789703,-0.125,1.0,False
D0121,LFPS1,lpfc,C(congruency),-1,0,0,,,1.0,5.631369634547657,0.75,1.0,False
D0121,LFPS1,lpfc,C(incongruentProportion),-1,0,0,,,1.0,3.16357355952295,0.9375,1.0,False
D0121,LFPS1,lpfc,C(congruency):C(incongruentProportion),-1,0,0,,,1.0,3.6881400365809376,1.375,1.0,False
D0121,LFPS10,lpfc,C(congruency),-1,0,0,,,1.0,3.1506429087418986,0.3125,1.0,False
D0121,LFPS10,lpfc,C(incongruentProportion),0,-1,8,0.25,0.6875,0.02,7.346606419369741,0.5625,0.189,False
D0121,LFPS10,lpfc,C(congruency):C(incongruentProportion),-1,0,0,,,1.0,3.081088934212764,0.75,1.0,False
D0121,LFPS2,lpfc,C(congruency),-1,0,0,,,1.0,2.3821386401346754,0.75,1.0,False
D0121,LFPS2,lpfc,C(incongruentProportion),-1,0,0,,,1.0,6.0820432096868124,1.0,1.0,False
D0121,LFPS2,lpfc,C(congruency):C(incongruentProportion),-1,0,0,,,1.0,3.395511320924443,-0.625,1.0,False
D0121,LFPS7,lpfc,C(congruency),-1,0,0,,,1.0,1.7640183845605026,-0.25,1.0,False
D0121,LFPS7,lpfc,C(incongruentProportion),0,-1,6,0.3125,0.625,0.05,9.016884910538348,0.4375,0.3048387096774194,False
D0121,LFPS7,lpfc,C(congruency):C(incongruentProportion),0,-1,7,0.5625,0.9375,0.036,9.53689128693133,0.75,0.8247272727272728,False
D0133,RFAM10,lpfc,C(congruency),-1,0,0,,,1.0,8.412616004979624,0.8125,1.0,False
D0133,RFAM10,lpfc,C(incongruentProportion),-1,0,0,,,1.0,5.672806693322083,0.5,1.0,False
D0133,RFAM10,lpfc,C(congruency):C(incongruentProportion),-1,0,0,,,1.0,4.422282098156729,0.9375,1.0,False
D0134,LFAM10,lpfc,C(congruency),0,-1,6,0.5,0.8125,0.04,9.734755739712067,0.6875,0.5371428571428571,False
D0134,LFAM10,lpfc,C(incongruentProportion),-1,0,0,,,1.0,2.91779189963477,-0.6875,1.0,False
D0134,LFAM10,lpfc,C(congruency):C(incongruentProportion),-1,0,0,,,1.0,4.186078326236527,0.0625,1.0,False
D0134,LFAM4,lpfc,C(congruency),-1,0,0,,,1.0,4.340277310748227,-0.625,1.0,False
D0134,LFAM4,lpfc,C(incongruentProportion),0,-1,9,0.875,1.375,0.004,13.241518658429074,1.0,0.0945,False
D0134,LFAM4,lpfc,C(congruency):C(incongruentProportion),-1,0,0,,,1.0,3.701486902689864,1.0,1.0,False
D0134,LFAM5,lpfc,C(congruency),-1,0,0,,,1.0,4.655266470847811,0.8125,1.0,False
D0134,LFAM5,lpfc,C(incongruentProportion),0,-1,10,0.75,1.3125,0.004,10.692115470630592,0.875,0.0945,False
D0134,LFAM5,lpfc,C(congruency):C(incongruentProportion),-1,0,0,,,1.0,5.848392640015092,0.75,1.0,False
D0134,LFAM9,lpfc,C(congruency),0,-1,6,0.5,0.8125,0.034,9.58123931703434,0.6875,0.5326666666666667,False
D0134,LFAM9,lpfc,C(incongruentProportion),-1,0,0,,,1.0,3.2353104382209295,-0.6875,1.0,False
D0134,LFAM9,lpfc,C(congruency):C(incongruentProportion),-1,0,0,,,1.0,5.640489272149801,0.0625,1.0,False
D0134,LFAS7,lpfc,C(congruency),0,1,7,-0.0625,0.3125,0.018,8.156852256828191,1.375,0.3384,False
D0134,LFAS7,lpfc,C(incongruentProportion),-1,0,0,,,1.0,5.2888991493122495,0.0,1.0,False
D0134,LFAS7,lpfc,C(congruency):C(incongruentProportion),-1,0,0,,,1.0,17.899659328756137,1.0,1.0,False
D0134,LFAS8,lpfc,C(congruency),-1,0,0,,,1.0,7.474850764453147,1.375,1.0,False
D0134,LFAS8,lpfc,C(incongruentProportion),-1,0,0,,,1.0,3.954859202175989,-0.0625,1.0,False
D0134,LFAS8,lpfc,C(congruency):C(incongruentProportion),-1,0,0,,,1.0,11.142284182517937,1.0625,1.0,False
D0134,LINS12,lpfc,C(congruency),0,-1,11,0.75,1.375,0.0,12.910644901083119,0.9375,0.0,True
D0134,LINS12,lpfc,C(incongruentProportion),-1,0,0,,,1.0,6.28977004280688,0.1875,1.0,False
D0134,LINS12,lpfc,C(congruency):C(incongruentProportion),-1,0,0,,,1.0,11.880928602606708,1.125,1.0,False
D0134,LINS13,lpfc,C(congruency),0,-1,11,0.75,1.375,0.0,9.276787143124157,1.125,0.0,True
D0134,LINS13,lpfc,C(incongruentProportion),-1,0,0,,,1.0,4.548350059226591,0.6875,1.0,False
D0134,LINS13,lpfc,C(congruency):C(incongruentProportion),-1,0,0,,,1.0,3.0597243618464223,0.625,1.0,False
D0134,LINS14,lpfc,C(congruency),0,-1,6,0.9375,1.25,0.038,8.80228849930121,1.125,0.5371428571428571,False
D0134,LINS14,lpfc,C(incongruentProportion),-1,0,0,,,1.0,3.625490117094871,0.5625,1.0,False
D0134,LINS14,lpfc,C(congruency):C(incongruentProportion),-1,0,0,,,1.0,3.8867905199623456,1.375,1.0,False
D0134,LINS15,lpfc,C(congruency),0,-1,8,0.9375,1.375,0.008,8.930253051203726,1.125,0.329,False
D0134,LINS15,lpfc,C(incongruentProportion),-1,0,0,,,1.0,3.5731199404866505,0.5625,1.0,False
D0134,LINS15,lpfc,C(congruency):C(incongruentProportion),-1,0,0,,,1.0,4.0356590926921365,1.375,1.0,False
D0134,LINS5,lpfc,C(congruency),-1,0,0,,,1.0,2.599252789719602,0.5625,1.0,False
D0134,LINS5,lpfc,C(incongruentProportion),-1,0,0,,,1.0,2.2063916153759324,-0.625,1.0,False
D0134,LINS5,lpfc,C(congruency):C(incongruentProportion),-1,0,0,,,1.0,6.4736321809811255,-0.1875,1.0,False
D0134,LINS9,lpfc,C(congruency),0,-1,11,0.75,1.375,0.0,14.618259523189053,1.1875,0.0,True
D0134,LINS9,lpfc,C(incongruentProportion),-1,0,0,,,1.0,6.240581905326697,1.1875,1.0,False
D0134,LINS9,lpfc,C(congruency):C(incongruentProportion),-1,0,0,,,1.0,8.177387046930312,1.0625,1.0,False
D0134,LLeSL10,lpfc,C(congruency),-1,0,0,,,1.0,8.015703589455272,1.25,1.0,False
D0134,LLeSL10,lpfc,C(incongruentProportion),-1,0,0,,,1.0,5.912724677447231,0.125,1.0,False
D0134,LLeSL10,lpfc,C(congruency):C(incongruentProportion),-1,0,0,,,1.0,4.486738359782063,1.25,1.0,False
D0134,LLeSL8,lpfc,C(congruency),-1,0,0,,,1.0,7.1728979009093425,1.3125,1.0,False
D0134,LLeSL8,lpfc,C(incongruentProportion),-1,0,0,,,1.0,4.629905643698426,1.375,1.0,False
D0134,LLeSL8,lpfc,C(congruency):C(incongruentProportion),-1,0,0,,,1.0,4.9127766270009845,-0.625,1.0,False
D0134,LLeSL9,lpfc,C(congruency),-1,0,0,,,1.0,6.1589848809952645,1.25,1.0,False
D0134,LLeSL9,lpfc,C(incongruentProportion),-1,0,0,,,1.0,3.858558373904589,-0.5625,1.0,False
D0134,LLeSL9,lpfc,C(congruency):C(incongruentProportion),-1,0,0,,,1.0,4.437187877868193,1.1875,1.0,False
D0134,LLeSM10,lpfc,C(congruency),0,-1,6,1.0625,1.375,0.018,8.259564328649422,1.25,0.3384,False
D0134,LLeSM10,lpfc,C(incongruentProportion),-1,0,0,,,1.0,5.978423781817662,-0.6875,1.0,False
D0134,LLeSM10,lpfc,C(congruency):C(incongruentProportion),-1,0,0,,,1.0,7.996835782641278,1.125,1.0,False
D0134,LLeSS10,lpfc,C(congruency),-1,0,0,,,1.0,5.607011153569158,1.125,1.0,False
D0134,LLeSS10,lpfc,C(incongruentProportion),-1,0,0,,,1.0,3.1986679621816054,0.0,1.0,False
D0134,LLeSS10,lpfc,C(congruency):C(incongruentProportion),-1,0,0,,,1.0,3.212908720069274,0.625,1.0,False
D0134,LLeSS11,lpfc,C(congruency),-1,0,0,,,1.0,5.6932001284063265,1.125,1.0,False
D0134,LLeSS11,lpfc,C(incongruentProportion),-1,0,0,,,1.0,3.1438393645857383,0.0,1.0,False
D0134,LLeSS11,lpfc,C(congruency):C(incongruentProportion),-1,0,0,,,1.0,3.199950351461287,0.625,1.0,False
D0134,LLeSS8,lpfc,C(congruency),-1,0,0,,,1.0,3.3452755517500923,-0.25,1.0,False
D0134,LLeSS8,lpfc,C(incongruentProportion),-1,0,0,,,1.0,4.581886282178672,0.4375,1.0,False
D0134,LLeSS8,lpfc,C(congruency):C(incongruentProportion),-1,0,0,,,1.0,7.8644021852275445,0.5,1.0,False
D0134,LLeSS9,lpfc,C(congruency),-1,0,0,,,1.0,5.131228834224147,0.75,1.0,False
D0134,LLeSS9,lpfc,C(incongruentProportion),-1,0,0,,,1.0,2.5618505910369795,0.6875,1.0,False
D0134,LLeSS9,lpfc,C(congruency):C(incongruentProportion),-1,0,0,,,1.0,3.454121759548262,0.625,1.0,False
D0134,RFAM14,lpfc,C(congruency),-1,0,0,,,1.0,4.167105694358089,-0.875,1.0,False
D0134,RFAM14,lpfc,C(incongruentProportion),-1,0,0,,,1.0,6.882508479449705,0.8125,1.0,False
D0134,RFAM14,lpfc,C(congruency):C(incongruentProportion),0,-1,6,0.5,0.8125,0.048,11.352364519206704,0.6875,0.8247272727272728,False
D0134,RFAS5,lpfc,C(congruency),-1,0,0,,,1.0,3.421204426828226,0.9375,1.0,False
D0134,RFAS5,lpfc,C(incongruentProportion),0,-1,6,0.75,1.0625,0.036,12.13772132020531,0.9375,0.252,False
D0134,RFAS5,lpfc,C(congruency):C(incongruentProportion),-1,0,0,,,1.0,6.191277304055448,0.875,1.0,False
D0134,RFAS6,lpfc,C(congruency),-1,0,0,,,1.0,8.2373365361057,0.3125,1.0,False
D0134,RFAS6,lpfc,C(incongruentProportion),-1,0,0,,,1.0,3.4710546186791764,0.5625,1.0,False
D0134,RFAS6,lpfc,C(congruency):C(incongruentProportion),-1,0,0,,,1.0,2.3596032400738025,-0.6875,1.0,False
D0134,RFAS7,lpfc,C(congruency),0,1,6,-0.375,-0.0625,0.032,7.236015309568165,-0.875,0.5326666666666667,False
D0134,RFAS7,lpfc,C(incongruentProportion),-1,0,0,,,1.0,4.360300642422779,-0.875,1.0,False
D0134,RFAS7,lpfc,C(congruency):C(incongruentProportion),-1,0,0,,,1.0,3.4882490751052075,1.375,1.0,False
D0134,RFAS8,lpfc,C(congruency),-1,0,0,,,1.0,7.353485103360059,-0.875,1.0,False
D0134,RFAS8,lpfc,C(incongruentProportion),-1,0,0,,,1.0,4.40852679656092,-0.875,1.0,False
D0134,RFAS8,lpfc,C(congruency):C(incongruentProportion),-1,0,0,,,1.0,3.552995699406151,1.375,1.0,False
D0134,RIFMEG1,lpfc,C(congruency),-1,0,0,,,1.0,13.109372896208441,1.3125,1.0,False
D0134,RIFMEG1,lpfc,C(incongruentProportion),-1,0,0,,,1.0,7.387343976005952,0.5,1.0,False
D0134,RIFMEG1,lpfc,C(congruency):C(incongruentProportion),-1,0,0,,,1.0,4.36548296154732,1.375,1.0,False
D0134,RIFMEG10,lpfc,C(congruency),-1,0,0,,,1.0,3.913059523237874,1.3125,1.0,False
D0134,RIFMEG10,lpfc,C(incongruentProportion),-1,0,0,,,1.0,8.523543412246623,1.1875,1.0,False
D0134,RIFMEG10,lpfc,C(congruency):C(incongruentProportion),-1,0,0,,,1.0,13.478025452379649,1.25,1.0,False
D0134,RIFMEG2,lpfc,C(congruency),-1,0,0,,,1.0,5.052143263831695,1.375,1.0,False
D0134,RIFMEG2,lpfc,C(incongruentProportion),-1,0,0,,,1.0,3.6344866735560712,0.5625,1.0,False
D0134,RIFMEG2,lpfc,C(congruency):C(incongruentProportion),0,-1,8,0.625,1.0625,0.008,21.13725745789037,0.875,0.378,False
D0134,RIFMEG7,lpfc,C(congruency),-1,0,0,,,1.0,3.861522720748165,1.375,1.0,False
D0134,RIFMEG7,lpfc,C(incongruentProportion),-1,0,0,,,1.0,6.896198231773048,0.5625,1.0,False
D0134,RIFMEG7,lpfc,C(congruency):C(incongruentProportion),0,-1,14,0.5,1.3125,0.0,16.37806950983292,0.875,0.0,True
D0134,RIFMEG8,lpfc,C(congruency),-1,0,0,,,1.0,4.05437115397087,1.3125,1.0,False
D0134,RIFMEG8,lpfc,C(incongruentProportion),-1,0,0,,,1.0,8.3486383205891,1.1875,1.0,False
D0134,RIFMEG8,lpfc,C(congruency):C(incongruentProportion),-1,0,0,,,1.0,13.303895486587354,1.25,1.0,False
D0134,RIFMEG9,lpfc,C(congruency),-1,0,0,,,1.0,3.9725061229012124,1.3125,1.0,False
D0134,RIFMEG9,lpfc,C(incongruentProportion),-1,0,0,,,1.0,8.535343045502724,1.1875,1.0,False
D0134,RIFMEG9,lpfc,C(congruency):C(incongruentProportion),-1,0,0,,,1.0,13.20194430814399,1.25,1.0,False
D0134,RINS11,lpfc,C(congruency),-1,0,0,,,1.0,4.319273657082635,0.375,1.0,False
D0134,RINS11,lpfc,C(incongruentProportion),-1,0,0,,,1.0,2.8069857342300417,1.0625,1.0,False
D0134,RINS11,lpfc,C(congruency):C(incongruentProportion),-1,0,0,,,1.0,5.665238660319896,-0.125,1.0,False
D0134,RINS12,lpfc,C(congruency),-1,0,0,,,1.0,5.398861373382522,0.75,1.0,False
D0134,RINS12,lpfc,C(incongruentProportion),-1,0,0,,,1.0,2.6550221730724894,-0.4375,1.0,False
D0134,RINS12,lpfc,C(congruency):C(incongruentProportion),-1,0,0,,,1.0,9.411906039863185,1.0625,1.0,False
D0134,RINS13,lpfc,C(congruency),-1,0,0,,,1.0,8.112555372802667,0.75,1.0,False
D0134,RINS13,lpfc,C(incongruentProportion),-1,0,0,,,1.0,2.7778157242000328,-0.4375,1.0,False
D0134,RINS13,lpfc,C(congruency):C(incongruentProportion),-1,0,0,,,1.0,8.987279812879983,1.0625,1.0,False
D0134,RINS6,lpfc,C(congruency),-1,0,0,,,1.0,11.727716576737862,0.6875,1.0,False
D0134,RINS6,lpfc,C(incongruentProportion),0,1,6,0.4375,0.75,0.034,11.701168579689844,1.1875,0.252,False
D0134,RINS6,lpfc,C(congruency):C(incongruentProportion),0,-1,6,0.5625,0.875,0.03,15.414992101688144,1.1875,0.81,False
D0134,RINS6,lpfc,C(congruency):C(incongruentProportion),1,-1,7,1.0,1.375,0.018,15.414992101688144,1.1875,0.6804,False
D0134,RINS7,lpfc,C(congruency),-1,0,0,,,1.0,6.8625459406160445,1.375,1.0,False
D0134,RINS7,lpfc,C(incongruentProportion),-1,0,0,,,1.0,6.341094767705784,0.375,1.0,False
D0134,RINS7,lpfc,C(congruency):C(incongruentProportion),-1,0,0,,,1.0,5.253112948132259,-0.0625,1.0,False
D0134,RSFMEG1,lpfc,C(congruency),-1,0,0,,,1.0,1.169952844182937,1.375,1.0,False
D0134,RSFMEG1,lpfc,C(incongruentProportion),-1,0,0,,,1.0,1.68711879198127,1.3125,1.0,False
D0134,RSFMEG1,lpfc,C(congruency):C(incongruentProportion),-1,0,0,,,1.0,4.341085628400107,1.125,1.0,False
